page,line,front,explanation
2,1,/92,
2,2,In the name of Allah the most beneficent and merciful,
2,3,Remember !,
2,4,"Vocabulary can be easily remembered by revising them, and frequent use of them!",
2,5,"There are two types of meaning one is formal and another is informal, formal means a literal",
2,6,meaning and informal means a same word but meaning changes with context. Irrespective of,
2,7,"formal and informal, In this collection meanings has been written which perfect matches to the",
2,8,"word. In this Vocabulary some meanings has written in Urdu only, and some in both Urdu and",
2,9,"English.This collection of words is referenced from national English news channels, Indian",
2,10,"reality shows, and some of them from other sources.",
2,11,If you success to remember all of this you can easily understand most common English used,
2,12,in daily life. If you find any mistake please tell to me. Thank you!,
2,13,This dictionary Meanings has been written with the help of oxford pocket and pc dictionaries,
2,14,in English and from mahi dictionary in Urdu (a raza team application).All prays for Allah,
2,15,"only, May he bless us! Thank you. Written in the year of 2013-2014",
2,16,Imtiyaz.00786@gmail.com,
2,17,Contact: +91 8125919413,
2,18,Imtiyaz Ali,
3,1,/92,
3,2,To find any word from Dictionary press Ctrl + F in MS Word,
3,3,Abandon,to leave and never return to something or because of danger
3,4,Abashed,"embarrassed , sharminda"
3,5,Abduct,"kidnap = take someone away by force , ighwa karna"
3,6,Abrupt,"sudden and un expected , achanak koi kaam hona"
3,7,Absolute,"complete , perfect , mukammal"
3,8,Abstain,"stop one self, apne aap ko roke rakhna koi kaam karne se"
3,9,Abuse,galian dena
3,10,Access,"the mean or medium, wasta jis ke zariye pahonchte hain"
3,11,Accessories,"Related items , mutaaluqa cheezen"
3,12,Accommodation,"mehman khana , jagha dena"
3,13,Accomplish,"complete kar na , pura karna"
3,14,Accountable,"jawab dena hoga , answerable"
3,15,Accredit,"Give official authorization, koi kaam dena, they accredit me to teach"
3,16,Accreditation,"mamoor karna , koi kaam dena, my accredation is to teach"
3,17,Accumulate,"increase , addition , gather a number or quantity"
3,18,Accurate,"correct in all details , bilkul theek"
3,19,Accuse,ilzam lagana
3,20,Ace,taash ka ekka
3,21,Achieve,"succeed in doing effort , hasil karna , paa’ na"
3,22,Acknowledgement,"accept that something is true, qubool, tasleem karna"
4,1,Acquired,hasil kiya hai
4,2,Adamant,Detrimental
4,3,Addict,"aadi , koi kaam ki aadat lagjana"
4,4,Adequate,"sufficient , enough"
4,5,Adjacent,"Milahoa ,like adjacent side , milahoa hissa"
4,6,Adjacent,Nearest
4,7,Admirable,"sarah’ne k qabil , deserving respect and approval"
4,8,Admire,"sarah’na , respect karna , izzat karna"
4,9,Admit,"confess to be true ,tasleem karna , manna , shareek karna , like admission"
4,10,Adore,"love , chahana , pasand karna , I adore of ice cream"
4,11,Affixation,chipkana
4,12,Afraid,"fear , dara hua"
4,13,Alas,"an expression of grief, hai hai , saqt afsoos , aag lage"
4,14,Alias,"Also known as , urf , laqab"
4,15,Alike,"same , its exactly alike, ye bilkul ek hi jaisa hai"
4,16,Allege,"izhar , ilzaam dena"
4,17,Alleged,"stated, Express in words , izhar"
4,18,Alliance,"like school , madarsa , jamia"
4,19,Allowance,wazifa mahana
4,20,Almighty,"allah qadire mutlaq , har cheez par qadir"
4,21,Although,"inspite of that , iske Bawajood"
4,22,Ambience,mahooli mizaj
4,23,Amicable,dostana
4,24,Amigo,friend
4,25,Amity,dosti
5,1,Amorous,ishiqia
5,2,Ample,"enough or more than enough, plenty full"
5,3,Analogy,"comparing one with other, mushabahat , resemble , same"
5,4,Analysis,"investigation , a detail explanation of something , samjhana, tashreeh"
5,5,Analyze,"check, check out , examine, tajziya karna"
5,6,Ankle,"takhna , leg bone"
5,7,Annoy,"anger ,gussa"
5,8,Anticipated,"Expected hope fully , predicted"
5,9,Apologize,"mu’aafi mangna , ma,azarat karna"
5,10,Apology,mafi
5,11,Apparent,"obvious, zahir hai"
5,12,Appear,"seem, lagna ,pahonchna,dour se nazar aana,"
5,13,Approach,"proposal , qareeb aana ya pahonchna door se"
5,14,Approach,"come near to in distance , go to with proposal or request"
5,15,Appropriate,"proper , suitable"
5,16,Approval,manzoori
5,17,Approve,manzoor karna
5,18,Approximate,"ghaliban , taqreeban , lag bhag"
5,19,Arena,"akhada , kadai ka akhada"
5,20,Argue,"exchanging conflicting views heatly , Bahes"
5,21,Aroma,"a pleasant smell , mahek , khushbu"
5,22,Arouse,"bring out someone feeling or response , ubharna"
5,23,Arrogances,"faqar , takabbur"
5,24,As far,jahan tak
5,25,As long as,jab tak
6,1,As of now,abhi tak
6,2,Aside,"to one side, Alag"
6,3,Aspects,"nukt e nazar , viewpoint"
6,4,Aspirant,"a person with ambitions to be something, tarraqi ki kwahish rakhne"
6,5,wala,
6,6,Assassin,"Qaatil , jis ne murder kiya"
6,7,Assault,uper chadh kar hamla karna
6,8,Assistance,Support or help
6,9,"At the moment , varying moment",isi waqt
6,10,Attention,"special care or consideration , dihan"
6,11,Attire,"cloths of a particular kind , special kapde"
6,12,Attracted,kashish
6,13,Attribute,"properties , regard"
6,14,Authentic,"genuine, musddaqa , tasdeeq shuda"
6,15,Authorize,"give professional permission for , ikhtiyaar"
6,16,Autobiography,khud ki life story likhna
6,17,Aware,"conscious maloom hai , janne wala , iam aware from that"
6,18,Awesome,"Inspiring awe, admiration or wonder"
6,19,Awful,"ruaab dar , awful, awfulness"
6,20,Awkward,"bhadda , Hard to deal with , embarrassment"
6,21,Bachelor,ghair shadi shuda
6,22,Backstab,"kisi k piche kuch bolna , ghibat"
6,23,Backward,piche ko
6,24,Balance,tarazuh
6,25,Banquet,badi dawat
7,1,Bare,"jhelna, I can’t bare him anymore, uncover , koi beparda cheez"
7,2,Barely,not in compete details
7,3,Bargain,paise ya daam chukana
7,4,Barrier,"a boundary or limit, hadd,"
7,5,Battle,"muqaabla, ladai"
7,6,Be,hona
7,7,Be the way you are,jaise ho waise hi raho
7,8,Bearable,"gawara , qabil e bardaasht"
7,9,Because,qiyon k
7,10,Beckon,ungli k ishare se bulana
7,11,Become,"hona , banna"
7,12,Been,past of be
7,13,Behalf,ki taraf se
7,14,Behind,piche
7,15,Behold,dekhna
7,16,Belief,aaqida
7,17,Believe,"maan,na , sahi tasleem karna"
7,18,Belong,ka hona
7,19,Belongings,samaan
7,20,Beloved,"chahita , pasandeeda"
7,21,Beneath,"kam samajhna , niche, kam darje ka samajh na"
7,22,Beneficial,profitable
7,23,Bequeath,"will karna, wasiat karna"
7,24,Beside,bazu
7,25,Betray,ghaddari karna
8,1,Beware,"careful,,beware from that , hoshiyaar raho"
8,2,Beyond,"At the further side, had ke paar"
8,3,Bide,"intezar karna , mouqe k talash me rehna"
8,4,Bilateral,do tarfa
8,5,Biography,once life story written by another
8,6,Bizarre,"very strange , un usual"
8,7,Black berry,kala jamun
8,8,Blah,"meaning less talk , idle , nonsense"
8,9,Blame,ilzam lagana
8,10,Blaze,shola
8,11,Blitz,achanak sakht hawai hamla
8,12,Blond,"gora , gori"
8,13,Bloody,kambakhat
8,14,Blossom,"flower , have flowers"
8,15,Bluff,"beiman , jhota"
8,16,Blunder,foolish and careless mistake
8,17,Blur,dhundla
8,18,Blurt,"youn hi bol uthna , sudden"
8,19,Blush,"cehra laal hona, ya cehre par laali lagana , like women does"
8,20,Boast,badepan ka dikhawa karna
8,21,Boil,ubal kar pakana
8,22,Bold,"dhitt , niddar"
8,23,Boom,danadan topon ka girjaana
8,24,Borrow,qarza lena
8,25,Bother,"Takleef ,Take the trouble to do something; concern oneself"
9,1,Boutique,"stylish garments shop , stylish kapdon ki shop"
9,2,Bow,sar jhukana
9,3,Brake,"brake lagana , ruk jaana"
9,4,Brave,bahaddur
9,5,Brawl,ladai jhagda
9,6,Breadth,choudai
9,7,Break,waqfa
9,8,Break down,stop working (cars or machines)
9,9,Bribe,rishwat
9,10,Bride,dulhan
9,11,Bridegroom,dulha
9,12,Brief,"mukhtasar, in short duration , concise , full of knowledge"
9,13,Bring up,"paalna , parwarish karna"
9,14,Bug,"khatmal , nafarat ka ba’eys (reason)"
9,15,Bunch,"guchha , bunch of people , plenty of people"
9,16,But how,wo kaise
9,17,Buzz,bhanak
9,18,By hook or by crook,koi bhi tariqe se hasil karna galat ho ya sahi
9,19,By the way,Introducing a different topic
9,20,Cajole,meethi aur achi baten kar k phuslane wala
9,21,Campaign,Kisi muhim(publicly koi work) me hissa lena
9,22,Caravan,"qafila , musafir haji sahib"
9,23,Cargo,jahaz me bhara hoa samaan
9,24,Catering,"Provide , mayyassar karna"
9,25,Cease,Khatam hao gaya
10,1,Celebrity,"mashoor , A widely known person , Illustrious"
10,2,Certain,"yaqinan , koi"
10,3,Chasing,picha karna
10,4,Cheer,khoushi
10,5,Chick,Informal term for a (young) woman
10,6,Chronicle,record a series of events in details
10,7,Circumstances,"condition concern with an event , Halaat"
10,8,Civic,"having to do with a city or town , baldiyati"
10,9,Claim,dawaa karna
10,10,Climate,mousam
10,11,Climax,point of greatest interest in a story
10,12,Cocktail,mixed fruit juice
10,13,Co-incidence,"a remarkable occurrence , ittefaq"
10,14,Collaboration,"Work jointly on a project , taaon"
10,15,Combat,"ladai , muqabala"
10,16,Come right back,wapas aao
10,17,Command,"order , hukm"
10,18,Commence,"Begin , shuruaat , start"
10,19,Commencement,"Beginning of something , aagaz , shuruat ,"
10,20,Commend,tareef karna
10,21,Commendable,tareef k qabil
10,22,Comment,"tabsiraa , koi cheez par labi baat karna"
10,23,Commercial,"tijarati , karobari"
10,24,Commit,"mubtela hona , commit sin , gunah karna"
10,25,Commitment,promise
11,1,Communal,ijtemai hangama
11,2,Compensate,ghakati ya koi cheez ki bhar pai karna
11,3,Complement,"izafi , ziyada"
11,4,Complementary,"koi kami puri karne wali cheez ,ice is complementary with"
11,5,water,
11,6,Comprehensive,detailed
11,7,Conceal,"chupana , covering from being known or shown ,"
11,8,Concession,"koi cheez me kami , like discount"
11,9,Concise,"short and full of information , mukhtasar aur malumati"
11,10,Concord,"ittefaq , agreement , harmony"
11,11,Confide,raaz
11,12,Confine,"mehdood , in limits"
11,13,Conflict,"a serious disagreement, nazariye me iqtelaff"
11,14,Congregation,namaaz ki jamaat
11,15,Conscious,aware
11,16,Consequence,"Result , anjaam"
11,17,Conservative,mazhabi
11,18,Consistency,"isteqamat , degree firmness"
11,19,Console,"tasalli dena , and a panel or unit containing set of controls"
11,20,Consolidate,"jodna , combine"
11,21,Contemporary,"at present ,we are Contemporaries"
11,22,Contemporary,"hum waqt, hum umr, ek hi umr k"
11,23,Contradiction,"diffrence , iqtelaaf"
11,24,Contrary,bar khilaaf
11,25,Contribute,"with the help of , madaad , taaon"
12,1,Controversy,"Badly debate , bahot ladai jhagda"
12,2,Convenience,"feedom from difficulty, sahoolat"
12,3,Convenient,aasan
12,4,Convey,"communicate feelings ,transport, lejana , covey my wishs"
12,5,Convince,"yaqeen dilana , manana"
12,6,Cop,police
12,7,Cope,nipat lena
12,8,Couch,doctors ka bed jis pe patient ko leta te
12,9,Cough (kof),"khansna , khakharna"
12,10,Could right,sahi ho sakta
12,11,Courage,himmat
12,12,Coward,buzdil
12,13,Crack,"solve karna , suraak , ched"
12,14,Credit,source of honour
12,15,Creditor,Qarza dene wala
12,16,Creed,"a system of religious believe , maslak"
12,17,Crew,A group working to gather
12,18,Criteria,miaar e usool
12,19,Criticize,"finding fault , ghalatian nikalna"
12,20,Crowd,"logon ka jama hona , bheed"
12,21,Crucial,"Of extreme importance , essential"
12,22,Cultivate,develop kiya hai
12,23,Cure,"ilaj , treatment"
12,24,Curiosity,"justujoo , strongly wanted to learn or do something"
12,25,Curriculum,prescribed course of study
13,1,Curriculum,jo course kye hai uske bare me likhi hoi details
13,2,Cursed,"sharapit , baddua"
13,3,Dare,jurrat
13,4,Debar,"kharij karna , mam’nu qarar dena"
13,5,Debate,"discussion , bahez"
13,6,Debt,qarz
13,7,Debut ( day-boo),"naya chehra , pehla taa’ruf"
13,8,Decade,das saal ka waqt
13,9,Deceive,dhoka
13,10,Decent,"shaant , shareef"
13,11,Deduction,koi cheez me kami karna
13,12,Deed,kaam
13,13,Defend,bachao
13,14,"Deform , deformed , deformity",badsuraat
13,15,Delight,"Glad , khushi , masarrat,"
13,16,Demean,zaleel karna
13,17,Deny,inkar
13,18,Depress,ma’use
13,19,Depressing,afsoos
13,20,Describe,bayan karna
13,21,Desert,"registaan , metha"
13,22,Deserve,"haqdar , mustahiq"
13,23,Desire,"khwahish , chahna"
13,24,Desperation,"Having great need of something ,koi cheez ko bahot chahna"
13,25,Destination,manzil
14,1,Destiny,"fate , taqdeer"
14,2,Destruction,tabahi
14,3,Detach,"opp of attach , alag karna"
14,4,Determination,"azm ,firmness of purpose, doing a thing exactly"
14,5,Determination,"azm ,irada , koi cheez ka azam, maqsad"
14,6,Determine,"establish by research or calculation ,"
14,7,Detrimental,adamant
14,8,Devotee,"ibadat karne wale , aaqidat mand"
14,9,Dew,shabnaam
14,10,Dignity,"shaan , worthiness"
14,11,Diligent,"mehnati , hard worker"
14,12,Dilute,"kamzor hona , pani mila kar patal kaana"
14,13,Dim,dheema
14,14,Dimensions,"jasamat , measurable extent, as length, breadth, depth"
14,15,Dine,"food , khana"
14,16,Diplomacy,hikmat e amali
14,17,Diplomatic,"not taking one’s side , hikmat se kaam karne wala"
14,18,Directives,"hidayat , order from an authority"
14,19,Disappear,"cease to be visible , ghayab hona"
14,20,Disappoint,"fail to fullfill the desire or expectation of , maa’use"
14,21,Disapproval,na manzoori
14,22,Disapprove,na pasand karna
14,23,Disaster,"calamity, barbadi"
14,24,Discard,"reject as unwanted , remove"
14,25,Discipline,adab
15,1,Disco,raqs
15,2,Discord,"opp of concord , na ittefaqi"
15,3,Discovery,daryaft
15,4,Discredit,badnami
15,5,Discrepancy,"difference , ikhtilaaf , farq"
15,6,Disgusted,bezar
15,7,Dispatch,send to destination
15,8,Dispute,"argue about , Bahes karna"
15,9,Dissemble,"opp of assemble , alag alag karna"
15,10,Distinct,"munfarid , bahot acha , sab se alag"
15,11,Distinct,"wazeh, clearly seen , tameez , imtiyaz ,"
15,12,Distinction,martaba
15,13,Distinctly,"munfarid tour par sab se alag , wazeh tor par"
15,14,Distinguish,"differentiate , mumtaaz"
15,15,Distract,"disturbing, tawajje hatana"
15,16,Ditch,gadha
15,17,Divert,"hata dena , turn aside"
15,18,Document,tehriree dastaavez
15,19,Does,karta hai
15,20,Does matter,ahmeat rakhta hai
15,21,Domain,"range , daera e aqtedaar , elaqa , area under one rule"
15,22,Domestic,"gharelu , household, or family affairs"
15,23,Dominate,"have control or power , galib aana"
15,24,Doomed,barbad
15,25,Dose,khuraak
16,1,Dove,kabootar
16,2,Dowry,jahez
16,3,Doze,"sleep lightly , halki neend"
16,4,Drag,"khench kar dalna ya lana , ghaseetna"
16,5,Draw,"nikalna , utarna , khenchna"
16,6,Drawback,kharabi
16,7,Drill,"Make a hole, especially with a pointed power or hand tool"
16,8,Drive,"jabran , majbor karna , force, repel, ride, cause, chalana bike etc"
16,9,Dual,dugna
16,10,Due to,is wajhe se
16,11,Duo,Jodi
16,12,Effort,koshish
16,13,Elegant,"simple and stylish , like elegant dress"
16,14,Elementary,relating to most basic aspects
16,15,Elite,"good part , behtareen , eg. elite colleges"
16,16,Else,"otherwise , nahi to"
16,17,Elsewhere,kahin aur
16,18,Embrace,"hug , gale lagana"
16,19,Embryology,study regarding pregnancy
16,20,Endure,bardasht karna
16,21,Engage,masroof
16,22,Enhance,"increase quality ,skill, value , badhna hunar me"
16,23,Enormous,bahot bada
16,24,Enterprise,"kaar e azeem , bahot bada kaam karna , muheem"
16,25,Enthusiasms,"feeling of excitement , Ahsas e khushi"
17,1,Erect,sidha khada karna
17,2,Essential,necessary
17,3,Establish,"qayam karna , wazeh karna"
17,4,Estate,virasat
17,5,Esteem,respect
17,6,Etch,"naqsh lagana , thappa lagana"
17,7,Eternity,"hamesha zinda rehne wala , zindagi k baad bhi , eternal truth"
17,8,Etiquette,"aadab , taazeem"
17,9,Eventually,finally
17,10,Everything or nothing,karo ya maro
17,11,Evident,"obvious , saaf zaher hai"
17,12,Exactly,bilkul theek
17,13,Exceed,badh jana
17,14,Excel,"Good performance, galib hona , bazi lejana"
17,15,Exceptional,la jawab
17,16,Excess,"badh jana , tajawoz karna"
17,17,Excessive,"excessive use , bahot ziyada use karna"
17,18,Exclude,"shamil na kar na , chod ke"
17,19,Excruciating,had se ziyada takleef
17,20,Expense,kharch
17,21,Expire,muddat khatam hona
17,22,Explicitly,"expressed, wazeh tour par, tashreeh karna"
17,23,Exploit,pura istemal karna
17,24,Explore,"find , tehqeeq karna , chan been karna"
17,25,Expose,"leave uncovered , zahir hona"
18,1,Exposed,zaher ho gaya
18,2,Express,bayan karna
18,3,Extend,badhana
18,4,Exterior,"outer part , bahar ka hissa"
18,5,Familiar,"well known , waqif , jana pehchana"
18,6,Fare,kiraya
18,7,Farewell,alwida
18,8,Fascinating,interesting
18,9,Fatal,"marjana , halakat"
18,10,Fatality,hadse me marjana
18,11,Fate,"destiny , taqdeer"
18,12,Fear,darr
18,13,Fetch,"jaa kar lana , go for and bring back"
18,14,Feud,"argument , bahez, lambi takrar"
18,15,Figure out,understand
18,16,Firm,"not changing , pakka , tai hai, atal , mansuba"
18,17,Flaunting,fakhar se dikhawa
18,18,Flee,escape
18,19,Forbid,"mana karna, rok na"
18,20,Forbidden,"mam’nua, jis cheez ko mana kia gaya hai."
18,21,Formal,"following rules of polite behavior , dastoor k mutabiq , baqaida"
18,22,Fortune,"naseeb , qismat"
18,23,Frank,"honest and direct , saf saf be jhijak sach bolna"
18,24,Freak,Abnormal
18,25,Free will,"ikhtiyar , rights"
19,1,Freeze,"turn to be into solid , jamm’na . munjamid hona"
19,2,Fulfill,"complete karna , pura karna"
19,3,Fume,"vapour , bukharaat"
19,4,Funeral,janaza
19,5,Funky,strikingly stylish and un usual (2) buzdil kaam chor
19,6,Fussy,awaz pukara
19,7,Gala,"jashn , celebration"
19,8,Galaxy,"sitaaron ka jhund , collection of millions of stars"
19,9,Gambling,juwa
19,10,Geared up,"prepared , lined up , tayyar ho jana"
19,11,Geek,a person who is socially uncomfortable or un fasionable
19,12,Generous,"sakhi,dil khol ke dene wala , shareef"
19,13,Genesis,the origin of some thing
19,14,Genuine,"true, sahii, authentic"
19,15,Geology,study of physical structure of earth
19,16,Gesture,ishare ke zariye bolna
19,17,Give up,"chod dena , tark kar dena"
19,18,Glad,kush
19,19,Glare,gusse se ghorna
19,20,Gloat,"importance , ahmiat dena"
19,21,Glory,"shohraat , fame or honour won by notable achievements"
19,22,Go getter attitude,"jo thaan lia hai use kara ,attitude"
19,23,Go on,continue
19,24,Gossip,"gap shap , dosrun k bare me afwahen phailana"
19,25,Grace,rahmat
20,1,Grace,"waqt mangna, delay granted a year grace"
20,2,Grant,"permit , ijazat"
20,3,Graveyard,qabrastaan
20,4,Graveyard,qabrastaan
20,5,Greet,"welcome , wishing good morning , afternoon"
20,6,Grief,"malaal , like regret"
20,7,Grill,bake
20,8,Grownup,"adult, Balig"
20,9,Grumble,bdbadana
20,10,Guilty,qusoor
20,11,Gut feeling,"instinctive (2) destroy , fire gutted most of the factory"
20,12,Guts,"courage , determination"
20,13,Halt,"waiting , stop , interrupt , to stand in doubt whether to proceed"
20,14,Harm,"nukhsaan , zarar"
20,15,Harmony,"agreement, concord, ittefaq , do aadmi koi ek baat ko manna"
20,16,Has been,"kiya gaya ,( name & he ,she , it ke saatth)"
20,17,Have been,"kiya gaya , (I ,you ,we , they ke saath )"
20,18,Hawk,"= shaheen , baaz"
20,19,He,vo ladka
20,20,Heal,make or be well
20,21,Hectic,thak jaana
20,22,Held,giriftar karna
20,23,Her,"iska , usko , usse, iss ladki ka"
20,24,Here,yahan
20,25,Hereafter,aaqirat
21,1,Heritage,virsaa
21,2,Hike,badh na aya kam hona
21,3,Him,"iska , usko , usse, iss ladke ka"
21,4,Hire,kiraye pe lena
21,5,Hoar,"ghin , pasand na karna"
21,6,Hold down,wait
21,7,Homesick,"ghar ki yaad me satya hoa , person sad being away from home"
21,8,Hoot,shout = screem =screech = noice = shor sharaba = awaz pukara
21,9,Horrible,khof naak
21,10,Household,gharelu
21,11,How are u doing,kaise ho aap
21,12,However,"jo kuch bhi ho, in whatever way"
21,13,Humble,aajizgi se
21,14,Humiliate,zaleel karna = badnaam karna
21,15,Hurricane,bada toofan
21,16,Hypocrites,"munafiq , riya kaar ,dogle insaan"
21,17,Identical,"waise hi , same"
21,18,Identify,pehchanna
21,19,Ideology,nazariya
21,20,Idle,"kahil, bekar"
21,21,Ignite,"fire , aag lagana"
21,22,Illusion,false idea
21,23,Illustrious,"mashoor , celebrated"
21,24,Imaginary,"khayali , farzi"
21,25,Imagine,image zahen me bana na
22,1,Immune,"protected , mahfooz"
22,2,Impact,"strong effect , influence , asar"
22,3,Implementation,"amal me lana , putting into effect"
22,4,Impose,"aayad karna , tax lagana"
22,5,Impression,"naqsh , thappa lagana , mark made by pressing"
22,6,Impulse,"dhakka , sadma"
22,7,In addition,"aur, further"
22,8,In most,induruni
22,9,Inadequate,"in sufficient , not enough"
22,10,Incentive,"motive , targeeb"
22,11,Include,sshamil karna
22,12,Incredible,unbelievable = na qabile yaqeen
22,13,Indeed,"bilkul , yaqeenan"
22,14,Indiscriminate,"confused , done or acting at random"
22,15,Individual,"infeadi, of single person or thing"
22,16,Induct,"dakhil karana , introduce someone formally to a post"
22,17,Inferiority complex,ahsaas e kamtari = apne aap ko kam samajhna
22,18,Inferno,"jahannam , large uncomfortable fire"
22,19,Influence,asar hona
22,20,Infringement,khilaaf warzi
22,21,Ingredient,ajza
22,22,Inmates,gharwale
22,23,Insist,"takeed karna , koi cheez karne ya manne par majnoor karna"
22,24,Inspire,mutaasir hona
22,25,Install,gaddi per baithana
23,1,Integral,"also , complete"
23,2,Integrate,"accept some one as part of group , mukammal"
23,3,Intense,"sakt zahini tour par ,extremely serious"
23,4,Intension,maqsad = matab = irada = niyyat
23,5,Intensive,"bada hone wala khench ne , like rubber , intensive screen"
23,6,Intent,"intend = niyyat , irada"
23,7,Interact,"baat cheet karna ,taamul ,act on each other"
23,8,Intercept,"stop or seize in passage ,rah me rok lenaya pakad lena"
23,9,Interception,rah me rok lenaya pakad lena
23,10,Interior,"inner part, indar ka hissa"
23,11,"Intern , internship",tarbiyat nigraani k indar
23,12,Interpret,"ki tashreeh karna , samjhana"
23,13,Interrogate,"tehqi.qaat , sawal"
23,14,Interrupt,"disturb , rukawat"
23,15,Intoxicant,"nashewar sheezen , alcoholic"
23,16,Intruder,"ghuspeitia , chor"
23,17,Invent,"create by thought ,iejaad"
23,18,Involve,shamil karna
23,19,Irrespective,"ka lihaz na karte hoai , koi cheez ko nazar andaz karte hoai"
23,20,Isn’t it,hai na?
23,21,It,"ye cheez , koi cheez"
23,22,Jerk,"dhakka , sadma"
23,23,Juridical,qanoni
23,24,Justification,"explanation , jawaz pesh karna"
23,25,Keep,rakhna
24,1,Killer instinct,ruthless determination to win or succeed
24,2,Kind,"sort , rahemdil"
24,3,Kind of,thoda thoda
24,4,Knock down,"girana , todna demolish , a building etc"
24,5,Knocked,takrayaa
24,6,Knot,Gurooh
24,7,Knout,"ganth , gheenti"
24,8,Lack,"kami , lack of confidence etc"
24,9,Lasting,"Existing for a long time , long lasting friendship"
24,10,Lasting,rehna
24,11,Latest,"new thing , nayee , jadeed (2) baad ki baat"
24,12,Lay down,"give up, surrender, like riding slow to prevent from collision"
24,13,Lay off,nikal dena
24,14,Legend,"dastaan , a traditional story , famous or remarkable event or per-"
24,15,son,
24,16,Lender,qarza dene wala
24,17,Let it be,jaane do chodo
24,18,Let it go,jane do
24,19,Let me know,mujhe batao
24,20,Let’s establish that,ise wazeh karo
24,21,Liberal,"darya dil , sakhi"
24,22,Lined up,prepared
24,23,Liquor,sharaab
24,24,Literally,pretti obvious = lafzi tour par = saaf dekh raha hai
24,25,Loneliness,"tanhai , akela pan"
25,1,Loyal,fawadaar
25,2,Lucifer,shaitaan
25,3,Manipulate,"cleaverly doing , koi kam subukdoshi se karna"
25,4,Marvelous,hairaat angez
25,5,Massive,bahot bada
25,6,Mate,bhai
25,7,Mature,balig
25,8,Mean,"matlab, mayine"
25,9,Meanwhile,"darmian , during , lakin dono ka istemal santance k sat alag alag"
25,10,hai,
25,11,Meekly,quiet and obedient
25,12,Memorize,yaad karna
25,13,Mere,sirf
25,14,Merit,skill = Qabiliat
25,15,Mess,"a confusion or difficulty state, and wo jagha jahan log khate hain"
25,16,Mine,mera
25,17,Mingle,milna
25,18,Minute,"extremely small , zara sa , chota sa"
25,19,"Miscellaneous, (abb) misc",muqtalif qism ke items or people
25,20,Misconception,galat fehmian
25,21,Mold,"change , saanche me dhalna"
25,22,Morrow,"kal , the next or following day"
25,23,Move on,"aage badhna , Time moves on= waqt hogaya hai aage badh ne ka"
25,24,Much less,Bahot ziyada kum
25,25,Muffle,"ki sadai ahtejaj ko daba na , muffler"
26,1,Murky,"dark & gloomy , andhera"
26,2,Mutually exclusive,opposite to each other
26,3,My way or high way,aar ya par
26,4,Nail,"nakhun , keel thokna"
26,5,Nap,sleep lightly or briefly
26,6,Narrate,story tafseel se kehna
26,7,Negligence,nazar andaaz karna
26,8,Negligent,ghafil
26,9,Negotiate,"for settlement , Discuss the terms of an arrangement"
26,10,Neither,dono me se koi nahi
26,11,Neither nor,"na ye , na wo"
26,12,Neo,"new , naya"
26,13,Newcomer,naya aane wala
26,14,Next to you,aage
26,15,Nightmare,drawona khawab
26,16,Nominee,namzad kiya gaya = selected
26,17,Notify,"ittalla dena , report"
26,18,Novice,"unskilled person , beginner , anadi"
26,19,Numb,sunnn
26,20,Objection,aiteraaz
26,21,Observe,ghour se dekhna
26,22,Obstacle,rukawat
26,23,Obvious,"saaf zaher hai , nazaar aara"
26,24,Occasion,mouqa
26,25,Occupy,me rehna
27,1,Occur,hona
27,2,Offence,"jurm, hamla karna , opp w defence"
27,3,On purpose,jaan bujh ke
27,4,On the other hand,ya phir iske alawa
27,5,Once,ek baar
27,6,Onward,"forward , aage k taraaf"
27,7,Opera,musica drama
27,8,Oppose,mukhalifat karna
27,9,"Opt , Opted","Shapat lena , qasam kha ne jaisa"
27,10,Optimal,"suggested, behtareejn , bil kul theek"
27,11,Optimist,is baat ka yakeen rakhna k duniya ka har kaam ache k lie hote
27,12,"hai,isa",
27,13,Optimize,"har kaam ache k lie hote hai , iska khayal rakhna . ya iska izhar"
27,14,karna,
27,15,Option,choice
27,16,Ore,kachi dhaat
27,17,Origin,"nukta e aagaz , jahan se shuru hota"
27,18,Orphan,yateem
27,19,Orthodox,sahi aqeeda rakhne wale
27,20,Ought,"must , chahiye ,lazim hai"
27,21,Our,hamara
27,22,Outburst,jazbat bhar aana
27,23,Outcome,"result , natija"
27,24,Outdo,se behtar kaam karna
27,25,Outfit,cloths = libas
28,1,Outlook,nazariya
28,2,Overestimate,koi cheez ko ziyada samajhna
28,3,Overtly,"publicly , khullam khulla"
28,4,Panel,"fehrist , list of names or things , and choktha , like phone panel"
28,5,Panic,"fear , Darr ,sudden un controllable fear"
28,6,Partial,"in complete , adhoora"
28,7,Patent,like certificate to sale a invented electronic gadget
28,8,Pathetic,"aisi situation jis per ahem aaye , arousing pity"
28,9,Pattern,"repeating , series of thing occur regularly"
28,10,Peculiar,"aajib , strange"
28,11,Peer,hum umr saathi
28,12,Pepper,kali mirch
28,13,Perception,way of thinking
28,14,Perish,fanaa
28,15,Permissible,Jayaz
28,16,Petition,"formal written request , Darkhuast"
28,17,Phenomenal,unbelievably great
28,18,Pigtail,choti = upper end part of mountain
28,19,Pilferer,Choti moti chori karne wala
28,20,Pinch,"chutki bhar , thodasa , very less in quantity , chutki lena"
28,21,Pious,deendar
28,22,Pity,hum dardi
28,23,Plead,"answer to claim , daweh ka jawab dena"
28,24,Plenty,bahot ziyada
28,25,Poaching,"illegally hunting , gair khanoni shikaar"
29,1,Portal,doorway or gate
29,2,Precise,"bilkul theek , exactly"
29,3,Prediction,peshan goi
29,4,Predominate,"be the main element , sab se aahem , have control or power"
29,5,Prescribed,"likha hoa nuskha , wrire out prescription"
29,6,Presume,assume
29,7,Pretend,Dhong
29,8,Pretest,Test in advance
29,9,Pretty,"Bahot , kafi"
29,10,Pretty Obvious,Bahot saaf zahir hai
29,11,Privacy,"tanhai , alhaidagi"
29,12,Probably,"ghaliban ,taqreeban"
29,13,Probe,"investigation , tahqiqat , janch partal"
29,14,Prohibit,"haram , jo jayaz nahi hai"
29,15,Prolong,lamba
29,16,Promote,"madad , badh na, jo tarraqi de"
29,17,Prompt,"aamada , mujboor"
29,18,Proof,saboot
29,19,Prophecies,"ghaib goi , peshan goi"
29,20,Prosper,"kamiyab , fly high"
29,21,Protect,hifazat
29,22,Protocol,"Rules , rasm o tehzeeb, rules and regulation"
29,23,prototype,"A standard, typical or perfect example"
29,24,Prove,ko sabit karna
29,25,Provocation,gusse dilana
30,1,Purpose,irada
30,2,Put,rakhna
30,3,Put off,"cancel , abandoned"
30,4,Query,Pose a question
30,5,Queue,"qataar , line"
30,6,Quiet,khamosh
30,7,Quit,"give up , chod dena"
30,8,Quite,"somewhat , thoda , kuch , kafi"
30,9,Ramification,"produce branches , type of development"
30,10,Ransom money,"fidye ka paisa , kidnap karne k baad jo paise ki maang karte"
30,11,Rapport,A relationship of mutual understanding
30,12,Rare,"kabhi kabhi ,rarely, kabhi kabhi karna, dailiy, roz karna"
30,13,Rather then,iske alawa
30,14,Realize,samajhta hon
30,15,Rear,"back side of something, piche ka, pichla hissa , like phone’s rear ca-"
30,16,mara,
30,17,Rebuttal,a claim or proof that something is wrong
30,18,Recently,haal hi me
30,19,Recite,padhna
30,20,Recognize,"tasdeeq shuda , koi cheez ki pehchan kiya hoa"
30,21,Recoil,na pasand karna
30,22,Recommend,suggest
30,23,Redundant,gar zaruri
30,24,Referring,"fowling, write or say about mention"
30,25,Refrain,"stop oneself from doing something , parhez karna"
31,1,Refuse,"deny , inkaar"
31,2,Regard,"as concerned , relatively , koi cheez k tallooq se , se mutallaqa"
31,3,Regardless,"ka lihaz na karte hoai , koi cheez ko nazar andaz karte hoai"
31,4,Regret,afsoos
31,5,Rejoice,khushi manana
31,6,Reliance,trust = Bharosa
31,7,Reluctant,na chate hoai
31,8,Remain,baqi rehna
31,9,Remand,wapas bhejna
31,10,Renew,"naya bana na , dobara karna"
31,11,Rescue,se bachana
31,12,Resemblance,"mushabahat , alike , same to same"
31,13,Resemble,"same , kisi cheez se milta jhulta"
31,14,Resent,nafraat karna
31,15,Resolution,"irada , determination"
31,16,Resonance,goonj
31,17,Resourceful,mazboot idea
31,18,Respite,"break ,waqfa"
31,19,Restrain,apne aap ko roke rakhna koi cheez se chahte hoai bhi
31,20,Retrieve,"regain possession , dobara hasil karna koi cheez"
31,21,Retrospective,"Guzishta , Guzra hoa"
31,22,Reunite,phir se jamaa kar na
31,23,Reveal,"vahi , zaher karna = dekhana"
31,24,Revenge,"badla , inteqam"
31,25,Revere,ahteram se bulana
32,1,Revival,pehle se bhi ziyada zindagi me shouq nai jaan
32,2,Revoke,cancel
32,3,Reward,"jaza , sawab ,inaam"
32,4,Rid,chutkara
32,5,Ridiculous,"ahmaqana, mazahia"
32,6,Rife,"aam , common , not mango"
32,7,Right next to you,bilkul aage
32,8,Right next to you,tuhhare aage
32,9,Rights,haq
32,10,Riot,"fasad,shore ghul, hangama by crowd"
32,11,Rival,"barabari ka dawa karne wala , a thing equal to another in quality"
32,12,Robust,sensable = aqalmand
32,13,Rolled out,abhi chalra
32,14,Rope,rassi
32,15,Routine,"maam’mul , roz ka kaam"
32,16,Rumor,afwah
32,17,Run out,"used up , no longer valid"
32,18,Ruth less,be rahem
32,19,Sacrifice,qurbani
32,20,Sail,"chalna , behna ,samandari jahaz"
32,21,Sake,"ke lie , for god sake , khuda k lie"
32,22,Sallow,ningalna
32,23,Sans,without
32,24,Sap,"without sap sukha ho , surang lagana"
32,25,Sap,jhadon ka pani jo har hisse ko food pahonchata
33,1,Scam,dist honest scheme
33,2,Scare,"darr ,khoof"
33,3,Scenario,tasveer k zariye batana
33,4,Scram,dafa ho jao
33,5,Scroll,lapta hoa kagaz jis me likha hoa ho paigam
33,6,Secure,mahfooz
33,7,Seek,Dhoondna
33,8,Seems,"lagna , mahsoos hona"
33,9,Seize,qabza karna zabar dasti
33,10,Seldom,"kabhi kabhi , rare"
33,11,Send off,rukhsat karna
33,12,Sensational,"hairaat me dalne wala , josh me lane wala , sensational gar-"
33,13,ments,
33,14,Sense,"hiss, touch ,taste etc"
33,15,Sense of humor,"funny, mazahiya"
33,16,Sensible,"aqalmand , hoshiyar robust"
33,17,Sensitive,"asar pazir , bahot jald asar lene wala koi baat ka"
33,18,Set back,"Rukawat ,"
33,19,Several,more than two but not money
33,20,Shatter,Pani phir jana
33,21,She,vo ladki
33,22,Shed,"bahana , girne dene , sheding tears"
33,23,Shivering,kaanpna
33,24,Should,"had better , acha hota"
33,25,Show off,dikhawa
34,1,Sick,bimaar
34,2,Significance,mafhoom
34,3,Significant,important
34,4,Silly,showing a lack of good sense
34,5,Simultaneously,at the same time
34,6,Sin,gunah
34,7,Sink,doobna
34,8,Skeleton,dhancha
34,9,Slum,gandagi
34,10,Smack,"taste it , maza dena , thappad marna"
34,11,Somehow,"kuch bhi kar k , kisi bhi tarha"
34,12,Somewhat,"thoda , kuch"
34,13,Sort,"qism ka , kis tarhaka"
34,14,Sort out,"solution , hal"
34,15,Soul,ruh
34,16,Specious,misleading in appearance
34,17,Spineless,"be buniad baaten , hawa me baten bana’na"
34,18,Spiral,chakkar dar
34,19,Spoil,"become useless , kharab hona koi cheez"
34,20,Spoilt,kharab hogaya
34,21,Spontaneous,"not fake , khoud se"
34,22,Spouted here,"josh me kehna ,bol na ,type of speak"
34,23,Sprinkle,"split, chidak na"
34,24,Stab,bhonkna
34,25,Stall,"store , delay"
35,1,Stare,ghoorna
35,2,Stated,Express in words
35,3,Steady on,be careful
35,4,Stereotype,ghatiya khalayaat
35,5,Stick to,"be, stick to one course only , koi cheez ke saat jude rehna"
35,6,Stiff,sakht
35,7,Stigma,badnaami
35,8,Stir,hilana
35,9,Strain,"forec , tanaao , dabaao"
35,10,Strength,taaqat
35,11,Striking,"noticeable, very Beautiful & good looking"
35,12,Strip,"utarna , removing , kapde ki patti"
35,13,Stuck,phansa hoa hai
35,14,Stuff,"material , koi cheez bolna nahi chahre to uski jagha stuff bol sakte"
35,15,Stuff,"sabab , bakwas , activity"
35,16,Stunning,"extremely impressive, shandaar , nihyat umda"
35,17,Submerge,"push or hold in water , dubona"
35,18,Subscriber,"koi cheez ya product, istemal karne wale, iam an aircel sub-"
35,19,scriber..,
35,20,Subsequent,"next, later, aagla, baad ka"
35,21,Suck,"choosna, like driking juce with straw"
35,22,Sulk,"naraaz hona, ruthna"
35,23,Suppose,"sonchna , khiyal karna , assume , imagin"
35,24,Surpass,"out do, se behtar karna"
35,25,Surplus,"zayed , bacha hoa"
36,1,Surrogate,"replacement , mutabadil"
36,2,Survive,"bachna , baqaya ,koi cheez se bach k mahfooz rehna"
36,3,Suspect,shak karna
36,4,Sustain,suffer = koi cheez jhelne jaisa
36,5,Swift,speed = quick = sudden = tezi = fouran
36,6,Sword,talwar
36,7,Sympathy,hum dardi
36,8,Synchronize,"happen simultaneously , ek hi waqt me hona , at the same time"
36,9,Synonym,"hum maana , word with same meaning"
36,10,Synthesis,"tarkeeb , trick"
36,11,Tact,hoshiyar
36,12,Take it off,ise nikalo
36,13,Temporary,"lasting for a short time , thode waqt k liye"
36,14,Terminology,type of word
36,15,Terminology,A system of words used to name things in a particular disci-
36,16,pline,
36,17,Terrific,"houlnak , dehshat , a huge intense"
36,18,Testimonial,"certificate ,r tasdeeq"
36,19,Texture,"saakht , banawat"
36,20,The kind of person I am,mai jis tarhe ka aadmi hon
36,21,Thee,mujhko
36,22,Their,unka
36,23,There,wahan
36,24,Thereby,is wajhe se
36,25,Therefore,"is liye , is wajhe se"
37,1,Though,phir bhi
37,2,Thought,khiyal
37,3,Threat,"khatra , Dhamki"
37,4,Throat,halaq
37,5,Through,ke zariye
37,6,Throughout,"all the way through,like pure season me,pure tournament me"
37,7,acha tha,
37,8,Thus,is tarha youn
37,9,Tolerate,Bardasht karna
37,10,Torrent,"full of speed, teez dhar seel , fast moving stream"
37,11,Tradition,"Rasam , riwayat"
37,12,Traditional,riwayati
37,13,Transaction,"like sauda ,sauda karna"
37,14,Transformation,tabdeeli
37,15,Transparent,a glas or layer can be easily seen through out
37,16,Trap,"jaal , like is jaal me mat phaso"
37,17,Treat,bartaao
37,18,Tremendous,Extreme in degree
37,19,Trend,rujhan
37,20,Tribute,"shardhanjali , salami dena"
37,21,Trim,Remove the edges from and cut down to the desired size
37,22,Trivial,mamuli
37,23,Troop,"gurooh , group of peoples , solders"
37,24,Turn,bazi
37,25,Turn down,"sound kum karna , tv , music etc"
38,1,Turn off,"band karna, tv , music etc"
38,2,Turn on,"on karna, tv , music etc"
38,3,Turn up,"sound badhana, tv , music etc"
38,4,Ugly,badsoorat
38,5,Ultimate,"final , aakhri"
38,6,Ultimo,"last month , gaya hoa mahina"
38,7,Ultra,had se ziyada
38,8,Un Familiar,"injaan , na makoom"
38,9,Unabashed,"besharam , without a feeling of shame"
38,10,Unaccountable,jiski wajhe samajh na aae
38,11,Unanticipated,unexpected
38,12,Unaware,"anjaan ,nahi maalom hai , iam unware from him,mai unhe nahi"
38,13,jaanta,
38,14,Unbearable,na qabil e bardaasht
38,15,Unconscious,Behosh
38,16,Undeniable,jis ko inkaar nahi kiya ja sakta
38,17,Underestimate,koi cheez ko kam samajh na
38,18,Undergo,takleef barrdasht karna
38,19,Unfamiliar,ajnabi
38,20,Uniform,"same , the waves are uniform , vardi"
38,21,Uninhibited,"not restrained , be jhijhak"
38,22,Unit,ekai
38,23,Unite,"ek hona , ikhatta karna , jamaa karna"
38,24,Unleashed,"set free ,free chod dena"
38,25,Unrealistic,jo real me nahi ho sakta
39,1,Unveil,"launch karna , removing a cover from"
39,2,Unveil,"parda uthana , koi cheez pehli baar publicly dikhana"
39,3,Usual,"aam tor par , amuman"
39,4,Utmost,ziyada se ziya da
39,5,Utter,"complete , pura , bilkul"
39,6,Vanish,ghayab
39,7,Varsity,university
39,8,"Vary ,varies ,varying","changes, changing from one state to another or in-"
39,9,creasing,
39,10,Vast,bahot bada
39,11,Vault,mehraab
39,12,Veil,"conceal or protect the face , chupana"
39,13,Vendor,"bechne wala , froqt karne wala"
39,14,Venue,"place of meeting , muqaam"
39,15,Verdict,faisla
39,16,Versatile,cleaver at many things
39,17,Victim,"mujrim , qurbani ka bakra"
39,18,Victory,"win , fatah , jeet"
39,19,Villa,kothi
39,20,Viral,"phailne wala , mutaadi , Relating to or caused by a virus"
39,21,Virtual,not in real
39,22,Vital,"absolutely necessary,necessary for life, Zindagi k lie ahem"
39,23,Vocabulary,alfaaz
39,24,Vocal,"zaban se kehna , lafzi , like vocal instruction, lafzi instruction"
39,25,Volunteer,khahishmand
40,1,Vomit,ulti karna
40,2,Walkout,chod k chale jana
40,3,We,hum
40,4,Wealth,paisa property
40,5,Weather,mausam
40,6,Weird,strange
40,7,Whatever,jo kuch bhi
40,8,Whatsoever,"at sll , jo kuch"
40,9,Whether,chahe
40,10,Whirl,"spin , ghumna gol"
40,11,Whole,complete
40,12,Wild,jangly
40,13,Willing,razi hojana
40,14,Wipe,"mitana , poachna"
40,15,Woe,"ka qarzdaar hona , to be in debt"
40,16,Wonder,hairaan hona
40,17,"Woo, woos ,wooing ,wooed","kahish karna , wanted ,shadi ki khahish zaher"
40,18,karna,
40,19,woos,peshkash
40,20,Worry,pareshan
40,21,Worship,ibaadat
40,22,Worth,"qabil ,layaq , khubi , ability , skill"
40,23,Would,"karonga , kya aap karenge"
40,24,Would rather,"would prefer , pasand karonga"
40,25,Wrap,cover
41,1,Yahoo,ganwar
41,2,Yawn,jamai lena
41,3,Yet,abhi tak
41,4,Yield,"output , return as a profit"
41,5,You,"aap , aap loug"
41,6,You are not suppose,karna nahi chahiye
41,7,Your suppose,"karna chahiye ,"
41,8,Yuk,"Exclamation expressing disgust, horror, or recoil"
41,9,Zone,"muqaam , having particular properties purpose, (danger zone)"
41,10,Stand by,"reliable support in time of need , sahara jab uski zarorat ho"
41,11,Retail,"marketing ,sell, selling, inform"
41,12,Sponsor,"a proposal , paish karne wala , ki zimmadari lene wala"
41,13,Bingo,"aha , yeah"
41,14,Ping,"type of contact, message, reach, hit"
41,15,Repository,"storage space, deposit"
41,16,Agenda,item of business to be considered at a meeting
41,17,Deferred,"delayed , postponed"
41,18,In the sense,matlab
41,19,Rule out,"finish, khatam, over , khatam hona ya karna , elemeneted"
41,20,Terminated,"ended, finish, fired"
41,21,Retained,"continued, held, baqi rehta"
41,22,Encrypt,"encode, coding, code dena"
41,23,Decrypt,"decode, decoding, code nikalna"
41,24,Enrich,"make rich , mala mal karna"
41,25,Implicitly,"understood though not clearly or directly stated, jo wazeh nahi"
42,1,Hardcore,having a extreme dedication to a certain activity
42,2,Instance,example
42,3,Encounter,"to meet someone without expecting, unexpected meeting."
42,4,Worse,bura
42,5,Critcs,type of disagreeable person
42,6,Deposit,put money in bank account
42,7,Intellectual,aqal mand.
42,8,Merge,combine
42,9,Emerge,"to come into view, ubhar kar saamne aaye"
42,10,Via,k zariye
42,11,Prevent,"bachana, mehfooz karna."
42,12,Roll out,"to introduce a new product , uvveiling"
42,13,Brush up,refresh
42,14,Make use of,to create something by work or effort
42,15,Presious,qeemti
42,16,Crush,"beat , msake a defeate to enimy"
42,17,Migrate,"muntaqil karna , move"
42,18,Like you need it,jaisa zaroorat hai
42,19,Privillage,advantage
42,20,Winding up,"Finally be or do something , finishing"
42,21,Embeded,"implanted , inserted"
42,22,Hassle,"trouble , bother , annoyance or problem"
42,23,Spectacular,very impressive
42,24,Folks,"people in general , used to talk to people informal way"
42,25,Schema,partion
43,1,Glitch,especially a minor problem with device such as a computer
43,2,Across,from one side to other side
43,3,Tweak,andaz
43,4,Threatens,dhamki
43,5,Strike,hartaal
43,6,Protest,ahtejaaj
43,7,Tilt,jhukao
43,8,Backlash,radde amal
43,9,Spectacular,shandar
43,10,Prospective,mumkina
43,11,Sue,muqaddama
43,12,Agony,"nazaa, high in tension"
43,13,Hilarious,mazahia
43,14,Resource,somthing that a country has and can used to increase its wealth
43,15,Transcribe,"kitaab ki naqal utarna, to make a written copy of something"
43,16,Geek,a person who is very interested in a particular field or activity
43,17,Grossary,
43,18,Gush,
43,19,Promotize,
43,20,Grocery,
43,21,Exemption,
43,22,Depicted,
43,23,Perpetual,
43,24,Incorporation,
43,25,Incorporate,
43,26,Cult,
43,27,"So, have they?",
44,1,"So, did I",
44,2,So are you.,
44,3,So,
44,4,Conjecture,
44,5,Misogynist,
44,6,Rasest,
44,7,Caveat,ahtiyat
44,8,Words from essential English grammar,
44,9,Hey waier,
44,10,Unknowingly,
44,11,Irrelevant,
44,12,rogression,badhne ko
44,13,Farther,door
44,14,Evaluation,janch
44,15,Pay up bhuktaan,
44,16,Brought back,laya gaya
44,17,Stranded,"phase hue , stucked"
44,18,Annexure,last page added if I wasn’t
44,19,"Bear, borne jhelna",
44,20,Determined kiya jayega,
44,21,Leverage,qarz SE kuch kaam karna
44,22,Paradox,ironic
44,23,Stout chubby,
44,24,Spunk is brave and courageous,
44,25,Spark is practical and Flickr,
44,26,obsolete,"no longer used or produced, out dated"
44,27,Narcissistic is self obsessed,"no longer used or produced, out datedessed and"
44,28,highly interested in ur self,
44,29,Irrelevant,
44,30,How should be your handwriting?,
44,31,how to make assets,
44,32,Get a book and write down each and every note from videos,
44,33,Unknowingly,
44,34,See everything in number,
45,1,NO Brainer,
45,2,Hey Waiver --------------,
45,3,Don’t take my words for it,
45,4,Ever since you joined social media.,
45,5,It creepy,
45,6,to opt out of these features,
45,7,Thank you for enlightening us.,
45,8,Coincidently we bumped into this guy,
45,9,How we are goanna Pull that off,
45,10,Closet,jis me kapde rakhte hai
45,11,Abhi ye bahot(quite) bahot masculine hai,Masculine?
45,12,Astonished,girne wali the
45,13,Within the first glimpse,
45,14,Wasn’t this whole wall supposed to have cork sheet,
45,15,Industrial chic,
45,16,He Choked up while talking,
45,17,Cluttered as well,
45,18,It would more bohemian,
45,19,Bohemian,UNCONVENTIONAL and offbeat or offset
45,20,Its kitschy,
45,21,Thrilled,
45,22,"That strike me, struck me",
45,23,Cozy,
45,24,Vibrant and colorfull,
45,25,Gullible,
45,26,Scatterbrain,
45,27,upholster,
45,28,Drive,
46,1,Prestigious,"reputable, honorable, influential."
46,2,Debugging,"correcting, rectifying"
46,3,Face off,"start game by facing off, aame samne, ladai shuru karna"
46,4,Even though,despite the fact that
46,5,"Even if,",
46,6,"Even so,",
46,7,"Break even,",
46,8,"Not even,",
46,9,"Even more,",
46,10,Even now,abhi bhi
46,11,Even better,aur behter
46,12,Even as,
46,13,Cultivate,develop
46,14,Persecute,
46,15,Intimidating,"fear, discouraging through fear"
46,16,Fling,
46,17,Faint,
46,18,Regulate,durust karna
46,19,Vows,nazar
46,20,Judgmental,andaza
46,21,Tweak,mawafiq
46,22,lifted,uthalia
46,23,Simulated,"copied, resemblance masnaw"
46,24,Imitate,naqal
46,25,Subsequently,baad me
46,26,Specified,makhsoos karda
46,27,Specification,tafseelaat
46,28,into,(main)
46,29,Pitch in,
47,1,Supplement,
47,2,tether,
47,3,tethering,
47,4,procute,
47,5,define,ki wazahat
47,6,bolster,ki hosla afzai
47,7,portfolio,
47,8,woes,pareshanian (do g translation)
47,9,spy,jasoos
47,10,spotten,"farzi , fake"
47,11,comprises,par mushtamil hai
47,12,datasets,aadad wo shumar
47,13,monitoring,nigra
47,14,"however,","synonyms: nevertheless, nonetheless, but, still, yet,"
47,15,"though, although, even so, for all that, despite that, in spite of",
47,16,"that,",
47,17,"anyway, anyhow, be that as it may, all the same, having said that,",
47,18,"notwithstanding,",
47,19,still and all,
47,20,withdraw,wapas lena
47,21,deposit,jama karna
47,22,protests,ahtejaj
47,23,takedown,"nikal dena, kharij"
47,24,decline,giravat
47,25,giant,", big, bada"
47,26,overview,
47,27,lewd,"fahesh, crude and offensive in a sexual way"
47,28,fed up,"tan aana,"
47,29,predators,
48,1,overwhelming,had se ziyada
48,2,roll in,
48,3,roll out,
48,4,i got to go,mujhe jaana hai
48,5,so name,
48,6,clan,
48,7,ferocity,
48,8,stance,
48,9,persistent,
48,10,froth,
48,11,foam,
48,12,retreat,
48,13,vigilante,
48,14,tangible proof,thoos saboot
48,15,never mind,koi baat nahi
48,16,strike to tell u about,
48,17,fairy tales,parion ki kahani
48,18,myth,an idea or story many people beleave in that but not true
48,19,myth,or a traditional story
48,20,fairy,pari
48,21,tales,kahani
48,22,archive,"a place where historical material is stored, docu-"
48,23,mentsnewspaper.,
48,24,tic,
48,25,obsolescence,
48,26,trash,
48,27,pull,
48,28,pish,
48,29,pause,
49,1,intimidating,
49,2,sarcastic,
49,3,theritining,darane wali
49,4,midlog,
49,5,greedy,
49,6,glitz,
49,7,immence,
49,8,trip on triped on,
49,9,praponance,
49,10,hipe,
49,11,happy go lucky,
49,12,institution,
49,13,by far,
49,14,so called,
49,15,Paid off,
49,16,Peppi,
49,17,Could understand,
49,18,Came to know,maloom hoa
49,19,Hilight,
49,20,Dicton,
49,21,Equip,
49,22,Wizart,
49,23,Trip,
49,24,Grab,"pakdo, lapakna, pakadna"
49,25,Bias,
49,26,Encapsulate,
49,27,Look after,
49,28,Fallback,
49,29,Fallout,
50,1,Overhaul,
50,2,Overwhelming,
50,3,Minimal,
50,4,Negotiation,
50,5,Sprinkle,
50,6,Muffle,
50,7,Stature,
50,8,Posture,
50,9,Clear up,
50,10,Awful,extremely bad
50,11,Clear up,to go away
50,12,Clear cut,free from doubt
50,13,Expose,show
50,14,Consultation,a meeting in which someone (such as a doctor or
50,15,"lawyer) talks to a person about a problem, question, etc.",
50,16,Ended up,
50,17,Phrase,
50,18,Suppress,
50,19,I looked you up,
50,20,Quite,completely
50,21,Quite a few,
50,22,Are not you,kya tum nahi
50,23,Stop off,rukna hai
50,24,Course identical,
50,25,Enough chatter,
50,26,I don’t suppose that you want to have a drink,
50,27,I suppose main samajhta hooan,
50,28,It just me or is anyone else starving,
50,29,Once in a blue moon,
51,1,Succumb,
51,2,Vetren,
51,3,Blend,
51,4,Tromotize,
51,5,Tacktic,
51,6,Prept out,
51,7,Prept,
51,8,Mojjo or mojo or mojor,
51,9,Nasty,
51,10,Integrity,
51,11,Envey,
51,12,Better have,
51,13,Next to impossible,
51,14,Petrified,
51,15,Fluzies,
51,16,Flosies,
51,17,You just have to,
51,18,Inching,
51,19,Chocked,
51,20,Fall out,
51,21,Issue,
51,22,In case,
51,23,Livelihood,
51,24,That’s how long i have known my ………,
51,25,Don’t pay attention,
51,26,Pay attentation,
51,27,Characteristic,
51,28,Dotch,
51,29,Superstition,
52,1,Stand out,
52,2,I would have,
52,3,Downsized,
52,4,Damp,
52,5,I wonder why,
52,6,Who are you talking to,kisse baat karre
52,7,So are you,tum bhi
52,8,Why do you ask,
52,9,Keep your hands off,
52,10,Do you hear me,
52,11,Possibly,
52,12,Probably,
52,13,Beating around the bush,
52,14,Plethora,
52,15,I go up to talk to him,
52,16,Trip,
52,17,There goes she doesn’t know about.,
52,18,Blanked out,
52,19,"I do, do",
52,20,I am doing it tomorrow,
52,21,I have done,
52,22,I have been doing,
52,23,"I did do, i did",
52,24,I was doing,
52,25,I had done,
52,26,I had been doing,
52,27,I will do,
52,28,I will be doing,
52,29,I will have done,
53,1,I will have been doing,
53,2,Peripherals,
53,3,Prominent,
53,4,Savvy,
53,5,We happened like girls,
53,6,Portrayal,
53,7,Exaggerate,
53,8,Reach out,
53,9,What you want out of life,
53,10,What you want out of roadies,
53,11,Your striking me as a conflict person,lagraha hai ho
53,12,Ingrost,
53,13,Slimy,
53,14,Comprehend,
53,15,Lag,
53,16,Lack,
53,17,Magnitude,
53,18,Cruel,
53,19,Gullible,
53,20,Because he got caught,
53,21,Ridicule,
53,22,How ridiculous do you sound right now?,
53,23,Stupid talk that you’re talking about,
53,24,Its highly ridiculous,
53,25,Somebody,
53,26,You know when i would believe that,
53,27,If he had confessed to you on his own,
53,28,Don’t you dare,
53,29,I love to hear you abuse,
54,1,Secrete,
54,2,You have tough competition ahead,
54,3,Watch out for me,
54,4,Adrenal junkie,
54,5,Drastic,"shiddat,"
54,6,Drastically,shadeed
54,7,Persistence,musassil
54,8,Persistency,consistency
54,9,Sterling,"khara, quality"
54,10,Poverty,
54,11,Crap,
54,12,Jump around a lot,
54,13,That doesn’t mean,
54,14,Thrill,
54,15,Right from beginning,
54,16,How can i possibly hit him?,
54,17,Extend,
54,18,Spy man,
54,19,Cum what may,
54,20,Success oriented,
54,21,Never say die,
54,22,Do what it takes,
54,23,I have to win come what may,
54,24,You countrified it,
54,25,He is not worth my even getting up,
54,26,Veteran,
54,27,Breakthrough,
54,28,Bald,
54,29,Demur,
55,1,Stinks,
55,2,Can I deport this,
55,3,That’s actually what you have written,ye likhna chahiye tha
55,4,Mexican stand,
55,5,Going after her,
55,6,He is unbridled,
55,7,Rigged,
55,8,Cut to,
55,9,Illusion,
55,10,Revenue,
55,11,You want to start over,
55,12,Freelance,
55,13,Handcraft,
55,14,Cozy,
55,15,Petrified,
55,16,Parano,
55,17,Floozy,
55,18,Flossy,
55,19,Oppurtunate,
55,20,Pear,
55,21,Burped,
55,22,Nepotism,
55,23,Breezy,
55,24,Cheesy,
55,25,Creeps,
55,26,Concession,
55,27,Inherit,
55,28,Infron terribly,
55,29,Far too much,
56,1,Con solute num,
56,2,Vetren,military
56,3,Blend,
56,4,Traumatize,
56,5,Tacktic,
56,6,Prept out,
56,7,Prept,
56,8,Mojjo or mojo or mojor,
56,9,Nasty,
56,10,Integrity,
56,11,Envey,
56,12,Better have,
56,13,Next to impossible,
56,14,Petrified,
56,15,Fluzies,
56,16,Flosies,
56,17,You just have to,
56,18,Inching,
56,19,Fallout,
56,20,Lay ahead of us,
56,21,Repacurtion,
56,22,Vetren neither do i,
56,23,Blend,
56,24,Tromotize,
56,25,Tacktic,
56,26,Prept,
56,27,Mojjo or mojo or mojor,
56,28,Nasty,
56,29,Integrity,
57,1,Envey,
57,2,Better have,
57,3,Next to impossible,
57,4,Petrified,
57,5,Fluzies,
57,6,Flosies,
57,7,You just have to,
57,8,Inching,
57,9,Live up laya ahead,
57,10,Vetren,
57,11,Blend,
57,12,Tromotize,
57,13,Tacktic,
57,14,Prept out,
57,15,Prept,
57,16,Mojjo or mojo or mojor,
57,17,Nasty,
57,18,Integrity,
57,19,Envey,
57,20,Better have,
57,21,Next to impossible,
57,22,Petrified,
57,23,Fluzies,
57,24,Flosies,
57,25,You just have to,
57,26,Inching,
57,27,Overconfident,
57,28,Lazy less stamina,
57,29,You after a wrong guy,
58,1,Punch your way out of this one,
58,2,Retirement doesn’t suit you,
58,3,First time for every thing,
58,4,Made your look,
58,5,You should not have lied to me,tumhe jhot niahi bolnaa shahiye
58,6,tha mujhe,
58,7,Loon,
58,8,Ruse,
58,9,Where would he go,kahan gaya hoga
58,10,Relying on you,
58,11,It’s just facade,
58,12,Sentiment got the better of you,
58,13,Now and then,
58,14,Junkie,
58,15,Prison,
58,16,Occasionally,
58,17,Grammar has never been base of learning hindi,grammar kabhi
58,18,bhi buniyad nahi thi hindi seekhne ki,
58,19,It has never been,ye kabhi nahi tha
58,20,More or less,
58,21,Had to be,
58,22,Prept out,
58,23,Answer for,zimmadar hona
58,24,Break into,zabar dasti enter karna
58,25,Carryout,"obeyed, do not stop"
58,26,Count in,"include, shamil karna"
58,27,Count out,exclude
58,28,Count on,trust
58,29,Bank,"trust, river corner"
59,1,Lie,"jhoot,"
59,2,Lie,aaram karna
59,3,Bear,"bhalo, sahen karna , bardasht karna."
59,4,Like,"pasand karna ,"
59,5,Like,"kisi ki tarha , you look like my friend"
59,6,Kind,"rahem dil, & different types = kind"
59,7,Kind of,thoda thoda
59,8,Will,marzi & wasiat
59,9,Enamored,
59,10,Acrobatic se sab ko,
59,11,Cor shi ous,
59,12,Never the less,
59,13,What i hav done,
59,14,Replenish,fill or build up
59,15,"Baroness thatcher for example, was repoted to be able to get by on",
59,16,four hours ‘sleep a night when she primof britne minister,
59,17,Bald,
59,18,Transcription,
59,19,Perhaps,
59,20,Integrity,
59,21,Keeping that was never even consideration,
59,22,Morality,
59,23,Coherence,
59,24,Skinny,
59,25,Skim,
59,26,Right away,without delay or hesitation
59,27,Acts like you are,
59,28,I am pretty sure,
59,29,He is over 18,
60,1,I may also have to,
60,2,Ritual,
60,3,Bollects,
60,4,Well then let me say this is the language that i know best,
60,5,Cum hello hi water,
60,6,Swisted,
60,7,Twisted,
60,8,Disputed victory,
60,9,Now would be a good time to,
60,10,The war has just begun,
60,11,That’s one thing that come out of not not winning,
60,12,Insinuation,
60,13,Down right,
60,14,Creature,
60,15,Creature,
60,16,You’re not goanna get anything from spoiling our game,
60,17,Lean,
60,18,Enunciate,
60,19,Timid,
60,20,Support you un conditionally,
60,21,With due diligence,
60,22,Unleash your true personality,unleash = show
60,23,Slouch,
60,24,Limelight,
60,25,Why i hav done i have done,
60,26,Loose or loose,
60,27,Win or win,
60,28,Right here,yahan
60,29,Over time,
61,1,Enlighten,
61,2,Just moved in,
61,3,I will take your word for it,
61,4,Iam not desperate to root around some …,
61,5,Tamper,
61,6,Is he on his way?,
61,7,I may as well,
61,8,You have a look,
61,9,"You have seen reports, i suppose",mai samajhta hoon
61,10,Inhabit,
61,11,Where are we headed,hum kahan pahonche
61,12,Dialect,
61,13,I am sorry to keep you waiting,
61,14,Starving,
61,15,Never the less,
61,16,Off you go then,
61,17,What would he do,kya kia hoga
61,18,There nothing much to know,
61,19,It doesn’t set you apart,
61,20,Right now your far from ready,
61,21,"Has gone out of his wane vane, you don’t know resent",
61,22,Because you didn’t make it,
61,23,You have done yourself a big favor,
61,24,Can we get pass,
61,25,When push comes to stop,
61,26,Might be out of nervousness,
61,27,You would not think learning acting waste of time,
61,28,Tel me or do something which make me feel good about yourself,
61,29,I tried trusting somebody last year fell on my face,
62,1,Do you think we sit around talking to people after we told them,
62,2,go?,
62,3,Do you know how long back did tell you to?,
62,4,Will you please show yourself out?,
62,5,Who do i see in front of me?,
62,6,When he has to have,
62,7,Smothered,"covered, muffled, gala ghot k marna"
62,8,Muffled,covered
62,9,Mesmerize,
62,10,Empathies,
62,11,Emphasize,
62,12,Lambasted,
62,13,Emerge from,
62,14,Legged,
62,15,Fully fledged,
62,16,Appetizers,
62,17,Aesthetics,
62,18,Took off on you,
62,19,Tress passing,
62,20,Inherent,
62,21,Inherently,
62,22,As and when,
62,23,Ironically,
62,24,Illustrious,
62,25,Illustration,
62,26,Exposure,
62,27,Indolence,
62,28,Likelihood,
62,29,Notion,
63,1,Moron,
63,2,Corresponding,alike = same
63,3,Legible,
63,4,Tangible,
63,5,I am very tone about,
63,6,Why the whisper,
63,7,Pamper,
63,8,I am gracious enough to allow varun,
63,9,It was noble,
63,10,Take our word for it,
63,11,Nuts,
63,12,Nonetheless,
63,13,Habited,
63,14,Miscellaneous,
63,15,Long over due,
63,16,Why would I,
63,17,Alongside,bazu
63,18,Possibly,
63,19,Probably,
63,20,Supposedly,
63,21,Perhaps,
63,22,Likely,
63,24,Has not yet been found,
63,25,Castle,"qila, mahel"
63,26,Modest,
63,27,Ortho aid,
63,28,In a nut shell,
64,1,abandon,
64,2,abstract,
64,3,academy,
64,4,acceptable,
64,5,access,
64,6,accessibility,
64,7,acclaimed,
64,8,accommodate,
64,9,accompany,
64,10,accordingly,
64,11,accumulate,
64,12,accurate,
64,13,accustomed,
64,14,achieve,
64,15,acknowledge,
64,16,acquire,
64,17,adapt,
64,18,adapted,
64,19,adequate,
64,20,adjacent,
64,21,adjust,
64,22,administrate,
64,23,admittedly,
64,24,adult,
64,25,advocate,
64,26,affect,
64,27,aggregate,
64,28,aid,
64,29,albeit,
65,1,allocate,
65,2,alter,
65,3,alternative,
65,4,ambiguous,
65,5,amend,
65,6,analogy,
65,7,analyse,
65,8,annual,
65,9,anomalies,
65,10,anticipate,
65,11,apparent,
65,12,appeal,
65,13,append,
65,14,appreciate,
65,15,approach,
65,16,appropriate,
65,17,approximate,
65,18,approximately,
65,19,arbitrary,
65,20,aspect,
65,21,assemble,
65,22,assess,
65,23,assign,
65,24,assist,
65,25,assistance,
65,26,associate,
65,27,assume,
65,28,assure,
65,29,astonishingly,
66,1,attach,
66,2,attain,
66,3,attempt,
66,4,attitude,
66,5,attribute,
66,6,author,
66,7,authority,
66,8,automate,
66,9,available,
66,10,avoidance,
66,11,aware,
66,12,backbone,
66,13,behalf,
66,14,behavioural,
66,15,beneficial,
66,16,benefit,
66,17,bestow,
66,18,beverages,
66,19,bias,
66,20,biased,
66,21,bond,
66,22,boost,
66,23,breakthrough,
66,24,brief,
66,25,bulk,
66,26,bygone,
66,27,by-product,
66,28,canvas,
66,29,capable,
67,1,capacity,
67,2,casually,
67,3,category,
67,4,catering,
67,5,cease,
67,6,challenge,
67,7,channel,
67,8,charitable,
67,9,chemical,
67,10,circumstance,
67,11,cite,
67,12,civil,
67,13,clarify,
67,14,clause,
67,15,closely,
67,16,coherent,
67,17,coincide,
67,18,collapse,
67,19,colleague,
67,20,commence,
67,21,comment,
67,22,commission,
67,23,commit,
67,24,commitment,
67,25,commodity,
67,26,communicate,
67,27,community,
67,28,companionship,
67,29,compatible,
68,1,compensate,
68,2,competitive,
68,3,compile,
68,4,complement,
68,5,complex,
68,6,component,
68,7,compound,
68,8,comprehensive,
68,9,comprise,
68,10,compromise,
68,11,compute,
68,12,conceive,
68,13,concentrate,
68,14,concept,
68,15,conclude,
68,16,concrete,
68,17,concurrent,
68,18,conduct,
68,19,confer,
68,20,confine,
68,21,confirm,
68,22,conflict,
68,23,conform,
68,24,consent,
68,25,consequent,
68,26,consequently,
68,27,considerable,
68,28,consist,
68,29,consistency,
69,1,consistently,
69,2,constant,
69,3,constitute,
69,4,constrain,
69,5,constraints,
69,6,construct,
69,7,consult,
69,8,consume,
69,9,consumption,
69,10,contact,
69,11,context,
69,12,contract,
69,13,contradict,
69,14,contrary,
69,15,contrast,
69,16,contribute,
69,17,controversial,
69,18,controversy,
69,19,convene,
69,20,converse,
69,21,convert,
69,22,convey,
69,23,convince,
69,24,cooperate,
69,25,coordinate,
69,26,core,
69,27,Corporate,
69,29,correspond,
70,1,counterpart,
70,2,couple,
70,3,coverages,
70,4,create,
70,5,credible,
70,6,credit,
70,7,crisis,
70,8,criteria,
70,9,crucial,
70,10,culture,
70,11,currency,
70,12,cycle,
70,13,debate,
70,14,decade,
70,15,deceptively,
70,16,decline,
70,17,decrease,
70,18,dedicated,
70,19,deduce,
70,20,deem,
70,21,define,
70,22,definite,
70,23,deforestation,
70,24,demanding,
70,25,demonstrate,
70,26,denote,
70,27,deny,
70,28,depress,
70,29,derive,
71,1,design,
71,2,desirable,
71,3,desperate,
71,4,despite,
71,5,detect,
71,6,detrimental,
71,7,deviate,
71,8,device,
71,9,devote,
71,10,differentiate,
71,11,dimension,
71,12,diminish,
71,13,discrete,
71,14,discriminate,
71,15,displace,
71,16,display,
71,17,dispose,
71,18,distinct,
71,19,distinguish,
71,20,distort,
71,21,distribute,
71,22,disturbing,
71,23,diverse,
71,24,diversity,
71,25,document,
71,26,domain,
71,27,domestic,
71,28,dominant,
71,29,dominate,
72,1,doubtful,
72,2,downward,
72,3,draft,
72,4,drama,
72,5,dramatic,
72,6,dramatically,
72,7,drawback,
72,8,duration,
72,9,dynamic,
72,10,ease,
72,11,economy,
72,12,edit,
72,13,elegantly,
72,14,element,
72,15,eliminate,
72,16,embark,
72,17,emerge,
72,18,emerged,
72,19,emphasis,
72,20,empirical,
72,21,enable,
72,22,encounter,
72,23,energy,
72,24,enforce,
72,25,enhance,
72,26,enhancement,
72,27,enormous,
72,28,enquire,
72,29,ensure,
73,1,enthusiasm,
73,2,enthusiastically,
73,3,entity,
73,4,environment,
73,5,equate,
73,6,equip,
73,7,equivalent,
73,8,erode,
73,9,error,
73,10,essence,
73,11,establish,
73,12,estate,
73,13,estimate,
73,14,ethic,
73,15,ethical,
73,16,ethically,
73,17,ethnic,
73,18,evaluate,
73,19,evasion,
73,20,eventual,
73,21,eventually,
73,22,evidence,
73,23,evident,
73,24,evolve,
73,25,exceed,
73,26,excessively,
73,27,exclude,
73,28,exclusively,
73,29,exhibit,
74,1,existence,
74,2,expand,
74,3,experimental,
74,4,expert,
74,5,expertise,
74,6,explicit,
74,7,exploit,
74,8,export,
74,9,expose,
74,10,exposed,
74,11,external,
74,12,extract,
74,13,extremely,
74,14,facilitate,
74,15,factor,
74,16,fast-paced,
74,17,favourable,
74,18,favourable,
74,19,feasible,
74,20,feature,
74,21,federal,
74,22,figure,
74,23,file,
74,24,final,
74,25,finance,
74,26,finite,
74,27,firmly,
74,28,flexible,
74,29,fluctuate,
75,1,fluctuating,
75,2,focus,
75,3,format,
75,4,formula,
75,5,forthcoming,
75,6,foundation,
75,7,fractal,
75,8,framework,
75,9,fraught,
75,10,frequent,
75,11,frequently,
75,12,frustration,
75,13,function,
75,14,fund,
75,15,fundamental,
75,16,furthermore,
75,17,gender,
75,18,generate,
75,19,generation,
75,20,globe,
75,21,grade,
75,22,gradually,
75,23,grant,
75,24,grasp,
75,25,guarantee,
75,26,guideline,
75,27,harness,
75,28,hence,
75,29,heroic,
76,1,hierarchy,
76,2,highlight,
76,3,historically,
76,4,household,
76,5,hypothesis,
76,6,identical,
76,7,identify,
76,8,ideology,
76,9,ignorant,
76,10,illiteracy,
76,11,illustrate,
76,12,image,
76,13,immense,
76,14,immigrate,
76,15,impact,
76,16,impart,
76,17,implant,
76,18,implement,
76,19,implicate,
76,20,implicit,
76,21,imply,
76,22,impose,
76,23,incentive,
76,24,incidence,
76,25,incline,
76,26,income,
76,27,incorporate,
76,28,increase,
76,29,increasingly,
77,1,incredibly,
77,2,index,
77,3,indicate,
77,4,individual,
77,5,individuality,
77,6,induce,
77,7,inequality,
77,8,inevitable,
77,9,inevitably,
77,10,infectious,
77,11,infer,
77,12,infrastructure,
77,13,inhabit,
77,14,inherent,
77,15,inhibit,
77,16,initial,
77,17,initially,
77,18,initiate,
77,19,initiated,
77,20,injure,
77,21,innovate,
77,22,insert,
77,23,insight,
77,24,inspect,
77,25,instance,
77,26,institute,
77,27,institution,
77,28,instruct,
77,29,insuperable,
78,1,integral,
78,2,integrate,
78,3,integrity,
78,4,intellectual,
78,5,intelligent,
78,6,intense,
78,7,interact,
78,8,intermediate,
78,9,internal,
78,10,interpret,
78,11,interval,
78,12,intervene,
78,13,intervention,
78,14,intrinsic,
78,15,invest,
78,16,investigate,
78,17,invoke,
78,18,involve,
78,19,irresistible,
78,20,irrespective,
78,21,isolate,
78,22,issue,
78,23,J,
78,24,journal,
78,25,justify,
78,26,labour,
78,27,layer,
78,28,lecture,
78,29,legal,
79,1,legislate,
79,2,legitimate,
79,3,levy,
79,4,liability,
79,5,liberal,
79,6,licence,
79,7,likelihood,
79,8,likely,
79,9,likewise,
79,10,literate,
79,11,locate,
79,12,logic,
79,13,lucrative,
79,14,M,
79,15,magnificent,
79,16,maintain,
79,17,major,
79,18,majority,
79,19,mandatory,
79,20,manipulate,
79,21,manual,
79,22,margin,
79,23,marginal,
79,24,maternal,
79,25,mature,
79,26,maximise,
79,27,mechanism,
79,28,media,
79,29,mediate,
80,1,medical,
80,2,medium,
80,3,mental,
80,4,mentally,
80,5,method,
80,6,migrate,
80,7,military,
80,8,minimal,
80,9,minimise,
80,10,minimum,
80,11,ministry,
80,12,minor,
80,13,mobility,
80,14,mode,
80,15,moderately,
80,16,modify,
80,17,monitor,
80,18,motivated,
80,19,motive,
80,20,mutual,
80,21,myriad,
80,22,necessities,
80,23,necessity,
80,24,negate,
80,25,neglected,
80,26,network,
80,27,neutral,
80,28,nevertheless,
80,29,nonetheless,
81,1,norm,
81,2,normal,
81,3,notion,
81,4,notwithstanding,
81,5,nuclear,
81,6,objective,
81,7,obstacles,
81,8,obtain,
81,9,obtainable,
81,10,obvious,
81,11,obviously,
81,12,occupy,
81,13,occur,
81,14,odd,
81,15,offset,
81,16,ongoing,
81,17,optimism,
81,18,option,
81,19,orient,
81,20,orientation,
81,21,ought,
81,22,outcome,
81,23,overall,
81,24,overlap,
81,25,overseas,
81,26,panel,
81,27,paradigm,
81,28,paragraph,
81,29,parallel,
82,1,parameter,
82,2,participate,
82,3,partner,
82,4,passive,
82,5,patently,
82,6,perceive,
82,7,perceived,
82,8,percent,
82,9,period,
82,10,persist,
82,11,perspective,
82,12,phase,
82,13,phenomenon,
82,14,philosophically,
82,15,philosophy,
82,16,physical,
82,17,pitfalls,
82,18,pleasurable,
82,19,policy,
82,20,popularity,
82,21,portfolio,
82,22,portion,
82,23,pose,
82,24,positive,
82,25,positively,
82,26,potential,
82,27,practitioner,
82,28,precede,
82,29,precise,
83,1,predict,
83,2,predictable,
83,3,predominant,
83,4,preliminary,
83,5,presume,
83,6,prevail,
83,7,prevalent,
83,8,previous,
83,9,primary,
83,10,prime,
83,11,principal,
83,12,principle,
83,13,prior,
83,14,priority,
83,15,privilege,
83,16,probable,
83,17,proceed,
83,18,process,
83,19,productivity,
83,20,professional,
83,21,proficiency,
83,22,profitable,
83,23,prohibit,
83,24,prohibitively,
83,25,project,
83,26,projection,
83,27,proliferation,
83,28,promote,
83,29,proportion,
84,1,proportionally,
84,2,proportions,
84,3,prospect,
84,4,protocol,
84,5,psychology,
84,6,publication,
84,7,publish,
84,8,purchase,
84,9,pursue,
84,10,pursuit,
84,11,qualitative,
84,12,quote,
84,13,radical,
84,14,radically,
84,15,random,
84,16,range,
84,17,ratio,
84,18,rational,
84,19,react,
84,20,reasonable,
84,21,reckon,
84,22,recover,
84,23,refine,
84,24,refinery,
84,25,reflect,
84,26,regime,
84,27,region,
84,28,register,
84,29,regularly,
85,1,regulate,
85,2,reinforce,
85,3,reinforcement,
85,4,reject,
85,5,relatively,
85,6,relax,
85,7,release,
85,8,relevant,
85,9,reluctance,
85,10,reluctant,
85,11,rely,
85,12,remarkable,
85,13,remove,
85,14,rendering,
85,15,reproduction,
85,16,require,
85,17,research,
85,18,resemble,
85,19,reside,
85,20,resolve,
85,21,resource,
85,22,respond,
85,23,responsible,
85,24,restore,
85,25,restrain,
85,26,restrict,
85,27,restricted,
85,28,retain,
85,29,reveal,
86,1,revenue,
86,2,reverse,
86,3,revise,
86,4,revolution,
86,5,rigid,
86,6,ritual,
86,7,role,
86,8,roughly,
86,9,route,
86,10,routine,
86,11,savvy,
86,12,scale,
86,13,scenario,
86,14,schedule,
86,15,scheme,
86,16,scope,
86,17,sector,
86,18,secure,
86,19,seek,
86,20,select,
86,21,sequence,
86,22,series,
86,23,shift,
86,24,significance,
86,25,significant,
86,26,similar,
86,27,simulate,
86,28,simultaneously,
86,29,sceptical,
87,1,slightly,
87,2,so-called,
87,3,sole,
87,4,somewhat,
87,5,source,
87,6,specific,
87,7,specifically,
87,8,specify,
87,9,spectacular,
87,10,sphere,
87,11,stabilize,
87,12,stable,
87,13,standardise,
87,14,statistic,
87,15,stimulate,
87,16,straightforward,
87,17,strategic,
87,18,strategy,
87,19,stress,
87,20,structure,
87,21,style,
87,22,submit,
87,23,subordinate,
87,24,subsequent,
87,25,subsidy,
87,26,substantial,
87,27,substitute,
87,28,successor,
87,29,sufficient,
88,1,sufficiently,
88,2,summary,
88,3,supplement,
88,4,supplementary,
88,5,surge,
88,6,surrounded,
88,7,survey,
88,8,survive,
88,9,suspend,
88,10,sustain,
88,11,sustainable,
88,12,sustainably,
88,13,symbol,
88,14,syndrome,
88,15,tape,
88,16,target,
88,17,technical,
88,18,technique,
88,19,technology,
88,20,temporarily,
88,21,temporary,
88,22,tendency,
88,23,tense,
88,24,terminate,
88,25,theme,
88,26,theoretically,
88,27,theory,
88,28,thereby,
88,29,therefore,
89,1,thesis,
89,2,threshold,
89,3,towards,
89,4,trace,
89,5,tradition,
89,6,transfer,
89,7,Transform,
89,9,transit,
89,10,transmit,
89,11,transport,
89,12,trend,
89,13,trigger,
89,14,trivial,
89,15,ultimate,
89,16,uncertainty,
89,17,undeniable,
89,18,undergo,
89,19,underlie,
89,20,underlying,
89,21,undermine,
89,22,underneath,
89,23,undertake,
89,24,undisputed,
89,25,unethical,
89,26,unfortunately,
89,27,uniform,
89,28,unify,
89,29,unintended,
90,1,unique,
90,2,unlikely,
90,3,unprecedented,
90,4,unpredictable,
90,5,unravelled,
90,6,utilise,
90,7,utilitarian,
90,8,valid,
90,9,variety,
90,10,vary,
90,11,vehicle,
90,12,vertically,
90,13,via,
90,14,violate,
90,15,virtual,
90,16,visible,
90,17,vision,
90,18,visual,
90,19,vital,
90,20,volume,
90,21,voluntary,
90,22,wage,
90,23,welfare,
90,24,whereas,
90,25,whereby,
90,26,Widespread,
91,1,Matter of facts,ےک تاب ہی وت تقیقح.
91,2,Had there been a view,اتوہ ہراظن یئوک
91,3,Deducing or inducing,"natija nikalna,maiyal karna"
91,4,Detrimental,Nuqsanda
91,5,obsolete,"no longer used or produced, outdated"
91,6,Narcissistic is self-obsolete,"no longer used or produced, out datedessed and highly"
91,7,interested in ur sel,
91,8,Spark is practical and Flickr.,
91,9,Spunk is brave and courageous.,
91,10,Stout chubby,
91,11,Paradox,ironic
91,12,Effect on,impact on
91,13,Nil or minimal,kam ya bilkul nahi
91,14,Optimal,ache tareqe se
91,15,Suffice,sufficient
91,16,Containment,rok tham
91,17,Relaxation,choot
91,18,Cautioned,cavdhani
91,19,Judiciously,sensibly
91,20,Diversity,different variations
91,21,Repercussion,natija
91,22,Curb,"rok tham, relaxation"
91,23,You go first,
91,24,Solidarity,unity
91,25,By enrolling,admitting
91,26,Asses,"evaluate , janch karna"
91,27,Trials,koshishen
91,28,Leverage,qarz SE kuch kaam karna
91,29,Determined,kiya jayega
91,30,"Bear, borne jhelna",
91,31,Annexure,last page added if I wasn’t
91,32,Stranded,"phase hue, stucked"
92,1,Brought back,laya gaya
92,2,Pay up bhuktaan,
92,3,Evaluation,janch
92,4,Farther,door
92,5,Pregression,badhne ko
92,6,Preferring,chhana
92,7,Sedition,desh drooh
92,8,Abscond,escape
92,9,Standby,
92,10,Reportedly,
92,11,Intervention,fair lkarne ka process
92,12,Saught,chhana
92,13,Outof .. always,
92,14,Arising,ubhar kar aana
92,15,Outbreak,achanak ubhar kar aana
92,16,Evacuate,remove
92,17,Emerge,ubhar kar aana
92,18,Mesh,
92,19,Speculation,
92,20,Undiminished,
92,21,Surreal,
92,22,Diminished,
92,23,Subtle,not obvious
92,24,I know you don’t think so good because you don’t know any better,
92,25,Tragic,
92,26,They’re gonna play behind her back,
92,27,I have seen the once who came tocame to You,
92,28,How many of those come here,
92,29,Solitude,
92,30,Can’t think of it,
92,31,Senty,
92,32,Resent,
92,33,I think u r I’ll equip,
92,34,Bimbo,
93,1,Simmering,
93,2,mutually exclusive,opposite to each other
93,3,"I really Don’t want to lose it on u,",
93,4,How stupid do you think I am,
93,5,U r Not enjoying life fullest,
93,6,Nasty,
93,7,Nifty,
93,8,Inevitably,"firm, atal, pakka"
93,9,Subtle,
93,10,Conspiracy,
93,11,Urge,encourage
93,12,Moist,num
93,13,Canvas,
93,14,She is hung up on it,
93,15,Creepy,
93,16,Dilusion,
93,17,Regressive,
93,18,Demure,shant subhave
93,19,Deliberation,
93,20,Spooky guy,
93,21,Intervention,Madaqhalat
93,22,It comes across fake put on unnecessary,
93,23,It happened Many years down the ages,
93,24,If u ever get to know me,
93,25,The movement I entered,
93,26,Because this beneath your dignity to mingle with commoners,
93,27,Do you think I am foolish enough to buy that,
93,28,I have seen okay people to look different,
93,29,So we have so what,
93,30,Come what may I will never agree with that,
93,31,Have you got from across anything like this,
93,32,Cynical,
93,33,So many times for so long that makes you believe you are right,
93,34,Conspiracy,saazish
94,1,She’s not going to abandon them.,
94,2,Constraint,limitation
94,3,Obstinate,
94,4,U can deter my sprit towards thing,
94,5,"in this sample, too many differences getting captured some of those can be justified",
94,6,due to cropping but rest of them are merely any changes and output is very scattered,
94,7,scattered,",ےئوہ ےرھکب disorganized, not orgnised, eg: Covering a wide area: For ex-"
94,8,"ample, ""Toys and books were scattered about the room",
94,9,Gothic,
94,10,Indecisive,
94,11,If not abusing u r amusing me,
94,12,Why would I ape someone’s personality,
94,13,Are you going to nag me,
94,14,I suggest LP Road lap redo,
94,15,We are wondering at how belatedly you are seeking it,
94,16,How do you expect me to believe that because it’s obviously not to face,
94,17,Are you Diluted,kya tum kamzoor hogae ho
94,18,As long as,jab tak
94,19,As of now,abhi tak
94,20,As of now no problem,abhi tak kuch problem nahi hai
94,21,"At the moment, varying moment",isi waqt
94,22,At the moment,isi waqt
94,23,Be the way you are,jaise ho waise hi raho
94,24,Big elephant not coming in house,
94,25,Bill doesn't do his job very well,bill apni job ache se nahi karta
94,26,Boast is not our abilities,dikhawa hamari qabiliat nahi
94,27,But how,wo kaise
94,28,By hook or by crook,siddha nahi to tedha hi sahi
94,29,By the way,Introducing a different topic
94,30,Can you do me a favor kay tum meri help karoge,
94,31,Come right back,wapas aao
94,32,Could I possibly interrupt its urgent,excuse me
94,33,Could right,sahi ho sakta
94,34,Did you ever bribe,kya tum ne kabhi rishwat li hai
95,1,Did you know how long back he went,kya tumhe maloom hai kitni der pehle wo
95,2,gaya,
95,3,Does matter,ahmeat rakhta hai
95,4,Beating around the bush,baat ko ghumana
95,5,Don’t Commit sin,gunah mat karo
95,6,Don’t flee,mat bhago
95,7,Don’t take anything at face value,shaka pe maat jao
95,8,Don’t you know,kya tumhe nahi maloom
95,9,Don’t you recognize him,kya tum inhe nahi peh chane
95,10,Drive a nail into the wall,diwar me kila maro
95,11,Drive the enemy,"beat back to enemy, dushman ku force se mar k piche karo"
95,12,Has he gone to Hyderabad,kya wo Hyderabad chala gaya
95,13,Have another one chocolate,aur chocolate ligiye
95,14,Have you ever been to madina,kyat tun kabhi madina gaye
95,15,He doesn't like coffee,ise coffee pasand nahi
95,16,He is no more,wo ab nahi rahe
95,17,He was too late due to his bike broke down,wo bahot late hogaya q ki uski bike
95,18,kharab hogai,
95,19,Help yourself for more chocolates,aur chocolate ligiye
95,20,Here you are,ye lo
95,21,Hold down,wait
95,22,How are u doing,kaise ho aap
95,23,How are you doing,kaise ho
95,24,How does she look like,wo ladki kaisi lagti hai
95,25,I am dare not to repeat my mistake again,mai dubaraa gaalti karne ki jurrat nai kar
95,26,sakta,
95,27,I am fond of chocolates,I love chocolates
95,28,I am glad to see you here,mai khush hun tumhe yahan dekh kar
95,29,I am in hurry,mai jaldi me hoon
95,30,I am no more interested,mujhe ab isme dilchasbi nahi hai
95,31,I am not allowed any more,mujhe aur ijazat nahi
95,32,I am not allowed any more,mujhe aur ijazat nahi
95,33,I am not figuring out what you are trying to tell me,mujhe samajh nahi aaraha tum
95,34,kya bolre,
96,1,I am not figuring what you are saying,mujhe kuch samajh nahi aaraha tum kya bolre
96,2,I am not tall enough to reach the wall,mai itna lamba nahi k diwar tak pohchun
96,3,I am off now,mai abhi jaron
96,4,I am sick of you,I don’t like you
96,5,I barely know him,mai ise thik se jaanta bhi nahi
96,6,I can’t bare him any more,mai use aur nahi jhel sakta
96,7,I can’t tolerate this anymore,mai ab aur bardasht nahi kar sakta
96,8,I don’t like coffee,mujhe coffee pasand nahi
96,9,I don’t like him he doesn’t like me,mai use pasand nahi karta aur wo mujhe
96,10,I don’t mean that,mera wo matlab nahi tha
96,11,I never betrayed to anyone of my friend,mai ne kisi dost ko dhoka nahi diya
96,12,I want to nail this task in such a way that no one can mess with me,
96,13,I will not go neither Australia nor japan,mai nahi jaaonga Australia ho ya japan
96,14,I would like to thank on Behalf of imtiyaz,mai shukria ada karta ho imtiyaz ki taraf
96,15,se,
96,16,In contemporary world,"present world, aaj ki dunia me"
96,17,Is this money good enough to buy a car,kya ye pise kafi hai car jhareedne k liye
96,18,Isn’t it,hai na?
96,19,It doesn't happen very often,aisa ziyada nahi hota
96,20,It is Familiar,ye jaana pehchana hai
96,21,It will no longer work,ye ab kaam nahi kare ga (koi cheez khatm hogai ya kharab ho
96,22,gayi),
96,23,Let it be,jane do chodo
96,24,Let it go,jane do
96,25,Let me complete,"mujhe pehle complete karne do, bolne do,etc"
96,26,Let me know,mujhe batao
96,27,Let’s establish that,ise wazeh karo
96,28,Let’s establish that,ise wazeh karo
96,29,Morning is supposed to wake early,subha jaldi uthne k liye hai
96,30,Mutually exclusive,opposite to each other
96,31,My bike doesn't use much petrol,meri bike ziyada petrol nahi use karti
96,32,Next to you,aage
96,33,"No, I have never been to madina","nahi , mai kabhi madina nahigaya"
96,34,Offer prayer with congregation,namaaz oadho jamaat k saath
97,1,Once,jaise hi
97,2,Once I finish my work I’ll do,jaise hi kaam khatam ho mai karonga
97,3,Please don’t deny,please inkar mat karo
97,4,Precaution is better than cure,ilaj se parhez behtar hai
97,5,Right next to you,bilkul aage
97,6,Right next to you,tuhhare aage
97,7,Shall I stop here,kya mai ruk jaaon
97,8,She drives me to change job,wo mujhe job change karne k lie force kari
97,9,She has been in Ireland since Monday,wo Monday se Ireland me hai
97,10,Sid doesn't have breakfast usually,sid breakfast nahi karta aam tour par
97,11,Sid speaks urdu but he doesn't speak English,Sid ko urdu bolni aati hai lakin Eng-
97,12,lish nahi,
97,13,Since we all are ready,jab hum sab tayyar hai
97,14,Smoke without the fire,rumor
97,15,Sounds good,acha maloom hora (acha dikhra)
97,16,Take it off,ise nikalo
97,17,Talk of devil and devil appears,shaitaan ka naam aur shaitaan hazir
97,18,Tea would be fine,chai theak rahe gi
97,19,The film was very panic,flim bahot drawni thi
97,20,This sounds interesting,ye dilchasp maloom hora (appear)
97,21,Try one of these chocolates,aur chocolate ligiye
97,22,We are cotemporaries in college,hum college me saath the
97,23,We are still waiting for him,hum abhi tak uska intezar karrahe hain
97,24,What a Co-incidence,kya ittefaq hai
97,25,What a aroma,kya khushbu hai
97,26,Whatever it may be,jo kuch bhi ho
97,27,Whatever you say,job hi tum bole
97,28,When is Commencement of campaigning,campaigning kab se shuru hai
97,29,Where do you want to go either Australia or japan,tum kahan jana chahoge Australia
97,30,ya japan?,
97,31,Where he has gone,wo kahan chala gaya
97,32,Whoever he may be,wo koi bhi ho
97,33,Why you let it happen,ise kiyon ho ne diya
97,34,You are about to receive,tum jo abhi receive karne wale ho ( thodi hi der me )
98,1,You are kidding me,tum mere sath Mazak karrahe ho
98,2,You are not supposed to,karna nahi chahiye
98,3,You are not supposed to do this,tumhe ye karne ki ijazat nahi hai
98,4,You did Commendable job,tum ne tareef k qabil kaam kiya
98,5,You have got enough chances,tumhe kafi maoqe mile hain
98,6,You haven’t got chance,tumhe mouqa nahi mila
98,7,Your suppose,karna chahiye
98,8,It was me,wo mai tha
98,9,This is what called,ise kehte hain
98,10,In the sence,matlab
98,11,I don’t mean that,mera wo matlab nahi tha
98,12,In the sense,matlab
98,13,I haven’t been told that,mujhe aisa nahi bole koi bhi
98,14,I need you to listen to me,mai cahta hon k aap mujhe sune
98,15,They have been doing this from 10 years,ye log is kaam ko das saal se karrahe hain
98,16,how have you been,kaise hain aap
98,17,I have been great,mai bahot badhia hon (ans to: how have you
98,18,Once in a blue moon,
98,19,I wish you would come along,meri khwahish thi k tum mere sath aate
98,20,Iam off now,mai abhi jar aha hoon
98,21,How did that happen,wo kaise hua
98,22,He inspired me to become the person what I am today,
